{
	"class_name" : "PinholeCameraParameters",
	"extrinsic" : 
	[
		0.85743520370347137,
		0.24199780084252726,
		-0.45413867467698349,
		0.0,
		-0.5144114960188273,
		0.3797161996546416,
		-0.76889298376530169,
		0.0,
		-0.013626599489912235,
		0.89289006720156594,
		0.45006848776505637,
		0.0,
		-108.49515535302159,
		-58.330712313236802,
		-37.414705618933326,
		1.0
	],
	"intrinsic" : 
	{
		"height" : 900,
		"intrinsic_matrix" : 
		[
			779.4228634059948,
			0.0,
			0.0,
			0.0,
			779.4228634059948,
			0.0,
			699.5,
			449.5,
			1.0
		],
		"width" : 1400
	},
	"version_major" : 1,
	"version_minor" : 0
}